pk,addrnm
"1","인천광역시 서해구 가남로 55"
"2","인천광역시 서해구 담지로 60"
"3","인천광역시 서해구 담지로86번길 16-14"
"4","인천광역시 서해구 담지로86번길 16-14"
"5","인천광역시 제물포구 방축로 327"
"6","인천광역시 서해구 방축로 327"
"7","인천광역시 서해구 봉오대로 270"
"8","인천광역시 서해구 봉오대로283번길 6"
"9","인천광역시 서해구 봉오재1로 49"
"10","인천광역시 서해구 봉오재2로 13"
"11","인천광역시 서해구 봉오재3로 11"
"12","인천광역시 서해구 봉오재3로 115"
"13","인천광역시 서해구 봉오재3로 120"
"14","인천광역시 서해구 봉오재3로 124"
"15","인천광역시 서해구 봉오재3로 124"
"16","인천광역시 서해구 봉오재3로 66"
"17","인천광역시 서해구 봉오재3로110번길 7"
"18","인천광역시 서해구 봉오재3로94번길 11"
"19","인천광역시 서해구 비즈니스로 165"
"20","인천광역시 서해구 여우재로 136"
"21","인천광역시 서해구 여우재로112번길 13"
"22","인천광역시 서해구 여우재로112번길 13"
"23","인천광역시 제물포구 장고개로 125"
"24","인천광역시 제물포구 장고개로 125"
"25","인천광역시 서해구 장고개로 125"
"26","인천광역시 제물포구 장고개로 125"
"27","인천광역시 서해구 장고개로 125"
"28","인천광역시 제물포구 장고개로 125"
"29","인천광역시 서해구 장고개로 125"
"30","인천광역시 서해구 장고개로 125"
"31","인천광역시 서해구 장고개로 138 (가좌동)"
"32","인천광역시 제물포구 장고개로 138 (가좌동)"
"33","인천광역시 서해구 장고개로287번길 24"
"34","인천광역시 서해구 장고개로287번길 24"
"35","인천광역시 서해구 장고개로309번길 29"
"36","인천광역시 서해구 장고개로337번길 16"
"37","인천광역시 제물포구 중봉대로 211"
"38","인천광역시 서해구 중봉대로 211"
"39","인천광역시 제물포구 중봉대로 364"
"40","인천광역시 서해구 중봉대로 364"
"41","인천광역시 제물포구 중봉대로 490"
"42","인천광역시 서해구 중봉대로 490"
"43","인천광역시 제물포구 중봉대로 490"
"44","인천광역시 서해구 중봉대로 490"
"45","인천광역시 제물포구 중봉대로 490"
"46","인천광역시 서해구 중봉대로 490"
"47","인천광역시 제물포구 중봉대로 490"
"48","인천광역시 서해구 중봉대로 490"
"49","인천광역시 제물포구 중봉대로 490"
"50","인천광역시 제물포구 중봉대로 490"
"51","인천광역시 서해구 중봉대로 490"
"52","인천광역시 서해구 중봉대로 490"
"53","인천광역시 제물포구 중봉대로 587"
"54","인천광역시 제물포구 중봉대로 587"
"55","인천광역시 서해구 중봉대로 587"
"56","인천광역시 서해구 중봉대로 587"
"57","인천광역시 제물포구 중봉대로 588"
"58","인천광역시 서해구 중봉대로 588"
"59","인천광역시 서해구 중봉대로 594"
"60","인천광역시 제물포구 중봉대로 594"
"61","인천광역시 제물포구 중봉대로 602"
"62","인천광역시 서해구 중봉대로 602"
"63","인천광역시 서해구 중봉대로 610"
"64","인천광역시 제물포구 중봉대로 610"
"65","인천광역시 서해구 중봉대로306번길 33"
"66","인천광역시 서해구 중봉대로393번길 16"
"67","인천광역시 서해구 중봉대로405번길 411"
"68","인천광역시 서해구 중봉대로586번길 22"
"69","인천광역시 서해구 중봉대로586번길 22"
"70","인천광역시 서해구 중봉대로586번길 22"
"71","인천광역시 서해구 중봉대로586번길 22"
"72","인천광역시 서해구 중봉대로586번길 9-11"
"73","인천광역시 서해구 중봉대로586번길 9-4"
"74","인천광역시 서해구 중봉대로612번길 10"
"75","인천광역시 서해구 중봉대로612번길 10-17"
"76","인천광역시 서해구 중봉대로612번길 16"
"77","인천광역시 서해구 차오름로 64"
"78","인천광역시 서해구 차오름로 64"
"79","인천광역시 서해구 차오름로 64"
"80","인천광역시 서해구 파랑로 331"
"81","인천광역시 서해구 파랑로 413"
"82","인천광역시 서해구 파랑로 417"
"83","인천광역시 서해구 파랑로 470"
"84","인천광역시 서해구 파랑로 470"
"85","인천광역시 서해구 파랑로 495"
"86","인천광역시 서해구 파랑로 495"
"87","인천광역시 검단구 매밭로 130"
"88","인천광역시 검단구 발산로 17"
"89","인천광역시 검단구 발산로 27"
"90","인천광역시 검단구 발산로 27"
"91","인천광역시 검단구 봉수대로 126"
"92","인천광역시 제물포구 봉수대로 126"
"93","인천광역시 검단구 봉수대로 141"
"94","인천광역시 검단구 봉수대로 141"
"95","인천광역시 제물포구 봉수대로 141"
"96","인천광역시 검단구 봉수대로 141"
"97","인천광역시 제물포구 봉수대로 141"
"98","인천광역시 검단구 봉수대로 141"
"99","인천광역시 제물포구 봉수대로 141"
"100","인천광역시 제물포구 봉수대로 141"
"101","인천광역시 제물포구 봉수대로 158"
"102","인천광역시 제물포구 봉수대로 158"
"103","인천광역시 검단구 봉수대로 158"
"104","인천광역시 검단구 봉수대로 158"
"105","인천광역시 제물포구 봉수대로 163"
"106","인천광역시 검단구 봉수대로 163"
"107","인천광역시 제물포구 봉수대로 163"
"108","인천광역시 검단구 봉수대로 163"
"109","인천광역시 제물포구 봉수대로 196"
"110","인천광역시 검단구 봉수대로 196"
"111","인천광역시 검단구 봉수대로 220"
"112","인천광역시 제물포구 봉수대로 220"
"113","인천광역시 제물포구 봉수대로 415 (원창동)"
"114","인천광역시 검단구 봉수대로 415 (원창동)"
"115","인천광역시 제물포구 봉수대로 806"
"116","인천광역시 제물포구 봉수대로 806"
"117","인천광역시 검단구 봉수대로 806"
"118","인천광역시 검단구 봉수대로 806"
"119","인천광역시 검단구 봉수대로 806"
"120","인천광역시 제물포구 봉수대로 806"
"121","인천광역시 검단구 봉수대로1440번길 20"
"122","인천광역시 검단구 봉수대로1440번길 9"
"123","인천광역시 검단구 서곶로 12"
"124","인천광역시 검단구 서곶로 120"
"125","인천광역시 검단구 서곶로 307"
"126","인천광역시 검단구 서곶로 446"
"127","인천광역시 검단구 서곶로 45"
"128","인천광역시 검단구 서곶로 475"
"129","인천광역시 검단구 서곶로 475"
"130","인천광역시 검단구 서곶로 475"
"131","인천광역시 검단구 서곶로 50"
"132","인천광역시 검단구 서곶로 701"
"133","인천광역시 검단구 서곶로 701"
"134","인천광역시 검단구 서곶로 754"
"135","인천광역시 검단구 서곶로 754"
"136","인천광역시 검단구 서곶로 788"
"137","인천광역시 검단구 서곶로 788"
"138","인천광역시 검단구 서곶로 818"
"139","인천광역시 검단구 서로2로 42"
"140","인천광역시 검단구 서로2로 50"
"141","인천광역시 검단구 서로2로 62"
"142","인천광역시 검단구 서로3로 201"
"143","인천광역시 검단구 서로3로 201"
"144","인천광역시 검단구 서로3로 201"
"145","인천광역시 검단구 서로3로 225"
"146","인천광역시 검단구 서로3로 255"
"147","인천광역시 검단구 서로3로 49"
"148","인천광역시 검단구 서로3로 50"
"149","인천광역시 검단구 서로3로 60"
"150","인천광역시 검단구 서로4로 89"
"151","인천광역시 검단구 이음3로 101"
"152","인천광역시 검단구 정서진8로 5(경서동)"
"153","인천광역시 검단구 정서진9로 11"
"154","인천광역시 검단구 정서진로 117 (경서동)"
"155","인천광역시 검단구 정서진로 410"
"156","인천광역시 검단구 청마로 124"
"157","인천광역시 검단구 청마로 170"
"158","인천광역시 검단구 청마로 38"
"159","인천광역시 검단구 청마로 52"
"160","인천광역시 검단구 청마로 52"
"161","인천광역시 검단구 청마로 55"
"162","인천광역시 검단구 청마로 92"
"163","인천광역시 검단구 청마로19번길 5"
"164","인천광역시 검단구 한들로 33"
"165","인천광역시 검단구 한들로 73"
"166","인천광역시 검단구 환경로 42"
"167","인천광역시 검단구 환경로 42"
"168","인천광역시 검단구 환경로 42"
"169","인천광역시 검단구 환경로 42"
